"rack_id";"theft_count";"theft_rank";"geom_kml"
573;1;1;"<Point><coordinates>-104.964695152999923,39.739974188000076</coordinates></Point>"
413;1;1;"<Point><coordinates>-104.994338649999918,39.748848243000054</coordinates></Point>"
192;3;1;"<Point><coordinates>-104.997897289999912,39.748724984000035</coordinates></Point>"
45;0;1;"<Point><coordinates>-104.995634193999933,39.748085589000084</coordinates></Point>"
46;0;1;"<Point><coordinates>-104.995949214999939,39.747837085000072</coordinates></Point>"
48;0;1;"<Point><coordinates>-104.994427980999944,39.750809233000041</coordinates></Point>"
16;1;1;"<Point><coordinates>-104.996267854999928,39.753880672000037</coordinates></Point>"
548;2;1;"<Point><coordinates>-104.998466281999924,39.747952066000039</coordinates></Point>"
429;1;1;"<Point><coordinates>-104.998591651999902,39.728969245000087</coordinates></Point>"
513;4;1;"<Point><coordinates>-105.001206650999904,39.751878251000051</coordinates></Point>"
424;1;1;"<Point><coordinates>-104.990273281999919,39.727303981000034</coordinates></Point>"
383;2;1;"<Point><coordinates>-104.991025332999925,39.746118115000058</coordinates></Point>"
518;1;1;"<Point><coordinates>-104.995213695999894,39.75397071000009</coordinates></Point>"
316;1;1;"<Point><coordinates>-104.989781222999909,39.743159996000088</coordinates></Point>"
206;1;1;"<Point><coordinates>-104.994414073999906,39.752738076000071</coordinates></Point>"
545;2;1;"<Point><coordinates>-105.008965495999917,39.75644946500006</coordinates></Point>"
254;1;1;"<Point><coordinates>-105.000018747999945,39.750114506000045</coordinates></Point>"
307;1;1;"<Point><coordinates>-104.987255735999895,39.741553175000035</coordinates></Point>"
310;2;1;"<Point><coordinates>-104.988501793999944,39.742509656000038</coordinates></Point>"
416;1;1;"<Point><coordinates>-104.982972335999932,39.743367161000037</coordinates></Point>"
92;1;1;"<Point><coordinates>-104.994682397999895,39.746101528000054</coordinates></Point>"
47;4;1;"<Point><coordinates>-104.996362215999909,39.74848363600006</coordinates></Point>"
369;1;1;"<Point><coordinates>-104.998689719999902,39.748303418000035</coordinates></Point>"
196;3;1;"<Point><coordinates>-105.000401579999902,39.747960298000066</coordinates></Point>"
360;1;1;"<Point><coordinates>-104.995497759999921,39.743994590000057</coordinates></Point>"
363;1;1;"<Point><coordinates>-104.998044126999901,39.74600076300004</coordinates></Point>"
415;2;1;"<Point><coordinates>-104.99415050999994,39.754393468000046</coordinates></Point>"
169;4;1;"<Point><coordinates>-104.99356753099994,39.751221571000087</coordinates></Point>"
70;1;1;"<Point><coordinates>-104.997258491999901,39.745564146000049</coordinates></Point>"
395;1;1;"<Point><coordinates>-104.979265210999927,39.753871147000041</coordinates></Point>"
84;1;1;"<Point><coordinates>-105.006494684999893,39.762044048000064</coordinates></Point>"
230;1;1;"<Point><coordinates>-104.999551051999902,39.746992231000036</coordinates></Point>"
145;2;1;"<Point><coordinates>-104.998085307999929,39.749901462000082</coordinates></Point>"
414;1;1;"<Point><coordinates>-104.989220331999945,39.744795253000063</coordinates></Point>"
38;1;1;"<Point><coordinates>-104.994173315999944,39.746515717000079</coordinates></Point>"
49;0;1;"<Point><coordinates>-104.988582699999938,39.746075179000059</coordinates></Point>"
50;0;1;"<Point><coordinates>-104.995999447999907,39.753728237000075</coordinates></Point>"
51;0;1;"<Point><coordinates>-105.0008044409999,39.749872000000039</coordinates></Point>"
52;0;1;"<Point><coordinates>-104.995393076999903,39.746066756000062</coordinates></Point>"
53;0;1;"<Point><coordinates>-104.992836505999946,39.743899928000076</coordinates></Point>"
54;0;1;"<Point><coordinates>-104.984731717999921,39.736735309000039</coordinates></Point>"
55;0;1;"<Point><coordinates>-104.988688175999926,39.731608793000078</coordinates></Point>"
56;0;1;"<Point><coordinates>-104.977504992999911,39.740145229000063</coordinates></Point>"
57;0;1;"<Point><coordinates>-104.960921821999932,39.740108249000059</coordinates></Point>"
58;0;1;"<Point><coordinates>-104.996600909999927,39.748686153000051</coordinates></Point>"
59;0;1;"<Point><coordinates>-104.996852821999937,39.748501855000086</coordinates></Point>"
60;0;1;"<Point><coordinates>-104.996540925999909,39.748315145000049</coordinates></Point>"
61;0;1;"<Point><coordinates>-104.997181497999918,39.749260880000065</coordinates></Point>"
62;0;1;"<Point><coordinates>-104.997430984999937,39.749415082000041</coordinates></Point>"
63;0;1;"<Point><coordinates>-104.997714335999945,39.749214797000036</coordinates></Point>"
64;0;1;"<Point><coordinates>-104.998368716999948,39.749693115000071</coordinates></Point>"
65;0;1;"<Point><coordinates>-104.99832406999991,39.750095915000088</coordinates></Point>"
66;0;1;"<Point><coordinates>-104.998617804999924,39.749903731000074</coordinates></Point>"
67;0;1;"<Point><coordinates>-104.999479870999949,39.750544124000044</coordinates></Point>"
68;0;1;"<Point><coordinates>-104.996871294999949,39.744900612000038</coordinates></Point>"
69;0;1;"<Point><coordinates>-104.986028071999897,39.736986821000073</coordinates></Point>"
71;0;1;"<Point><coordinates>-104.997466389999943,39.74390087900008</coordinates></Point>"
72;0;1;"<Point><coordinates>-104.99457994799991,39.743321192000053</coordinates></Point>"
73;0;1;"<Point><coordinates>-104.987656252999898,39.735405404000062</coordinates></Point>"
74;0;1;"<Point><coordinates>-104.987678209999899,39.742459268000061</coordinates></Point>"
75;0;1;"<Point><coordinates>-104.988047988999938,39.74213939200007</coordinates></Point>"
76;0;1;"<Point><coordinates>-104.987771771999917,39.743064824000044</coordinates></Point>"
77;0;1;"<Point><coordinates>-104.987184842999909,39.742929891000074</coordinates></Point>"
78;0;1;"<Point><coordinates>-104.987350782999897,39.743687049000073</coordinates></Point>"
79;0;1;"<Point><coordinates>-104.987634095999908,39.745144420000088</coordinates></Point>"
80;0;1;"<Point><coordinates>-104.987640493999947,39.74762177000008</coordinates></Point>"
81;0;1;"<Point><coordinates>-104.990199238999935,39.749486144000059</coordinates></Point>"
82;0;1;"<Point><coordinates>-104.989955497999915,39.749314890000051</coordinates></Point>"
83;0;1;"<Point><coordinates>-104.992661896999948,39.747719167000071</coordinates></Point>"
85;0;1;"<Point><coordinates>-104.969330855999942,39.779003848000059</coordinates></Point>"
86;0;1;"<Point><coordinates>-105.043993916999909,39.771413188000054</coordinates></Point>"
87;0;1;"<Point><coordinates>-105.006122662999928,39.766273301000069</coordinates></Point>"
88;0;1;"<Point><coordinates>-104.98779552499991,39.742006875000072</coordinates></Point>"
89;0;1;"<Point><coordinates>-104.989552655999944,39.743005868000068</coordinates></Point>"
90;0;1;"<Point><coordinates>-104.990453503999902,39.744033369000078</coordinates></Point>"
93;0;1;"<Point><coordinates>-104.995051210999918,39.745914003000053</coordinates></Point>"
94;0;1;"<Point><coordinates>-104.996160220999911,39.744992124000078</coordinates></Point>"
95;0;1;"<Point><coordinates>-104.99508714399991,39.74432564500006</coordinates></Point>"
96;0;1;"<Point><coordinates>-104.994251546999919,39.744700274000081</coordinates></Point>"
97;0;1;"<Point><coordinates>-104.992080396999938,39.746827849000056</coordinates></Point>"
98;0;1;"<Point><coordinates>-104.992204251999908,39.746639276000053</coordinates></Point>"
99;0;1;"<Point><coordinates>-104.991517376999923,39.746768686000053</coordinates></Point>"
100;0;1;"<Point><coordinates>-104.991612759999896,39.74712840400008</coordinates></Point>"
101;0;1;"<Point><coordinates>-104.99050365699992,39.748050239000065</coordinates></Point>"
102;0;1;"<Point><coordinates>-104.989626152999904,39.74744129000004</coordinates></Point>"
103;0;1;"<Point><coordinates>-104.99124996799992,39.746483867000052</coordinates></Point>"
104;0;1;"<Point><coordinates>-104.991350286999932,39.746162817000084</coordinates></Point>"
105;0;1;"<Point><coordinates>-104.992114617999903,39.74548532700004</coordinates></Point>"
106;0;1;"<Point><coordinates>-104.992906028999926,39.744448642000066</coordinates></Point>"
107;0;1;"<Point><coordinates>-104.993250341999897,39.744261017000042</coordinates></Point>"
108;0;1;"<Point><coordinates>-104.978030811999929,39.755068231000052</coordinates></Point>"
109;0;1;"<Point><coordinates>-104.97763994099995,39.754915210000036</coordinates></Point>"
110;0;1;"<Point><coordinates>-104.979263529999912,39.754033596000056</coordinates></Point>"
111;0;1;"<Point><coordinates>-104.992124752999928,39.744085967000046</coordinates></Point>"
112;0;1;"<Point><coordinates>-104.990870784999913,39.744723518000058</coordinates></Point>"
113;0;1;"<Point><coordinates>-104.990205122999896,39.745306873000061</coordinates></Point>"
114;0;1;"<Point><coordinates>-104.990475683999932,39.745156758000064</coordinates></Point>"
115;0;1;"<Point><coordinates>-104.995525479999912,39.741282874000035</coordinates></Point>"
116;0;1;"<Point><coordinates>-104.98905557899991,39.745056046000059</coordinates></Point>"
117;0;1;"<Point><coordinates>-104.988737676999904,39.744979022000052</coordinates></Point>"
118;0;1;"<Point><coordinates>-104.989328068999896,39.744641190000038</coordinates></Point>"
119;0;1;"<Point><coordinates>-104.989944738999895,39.744057627000075</coordinates></Point>"
120;0;1;"<Point><coordinates>-104.990114011999935,39.744360935000088</coordinates></Point>"
121;0;1;"<Point><coordinates>-104.993564779999929,39.741425740000068</coordinates></Point>"
122;0;1;"<Point><coordinates>-104.997037887999909,39.745582115000047</coordinates></Point>"
123;0;1;"<Point><coordinates>-104.996791021999911,39.745845811000038</coordinates></Point>"
124;0;1;"<Point><coordinates>-104.996004136999943,39.746258483000076</coordinates></Point>"
125;0;1;"<Point><coordinates>-104.995660636999901,39.74633265500006</coordinates></Point>"
126;0;1;"<Point><coordinates>-104.993749062999939,39.746437912000033</coordinates></Point>"
127;0;1;"<Point><coordinates>-104.994502605999912,39.747254317000056</coordinates></Point>"
128;0;1;"<Point><coordinates>-104.993368767999925,39.74821389400006</coordinates></Point>"
129;0;1;"<Point><coordinates>-104.992308254999898,39.749192688000051</coordinates></Point>"
130;0;1;"<Point><coordinates>-104.992579235999926,39.748985837000077</coordinates></Point>"
131;0;1;"<Point><coordinates>-104.99107800999991,39.749924897000085</coordinates></Point>"
132;0;1;"<Point><coordinates>-104.989846087999922,39.750884015000054</coordinates></Point>"
133;0;1;"<Point><coordinates>-104.989696068999933,39.751299402000086</coordinates></Point>"
134;0;1;"<Point><coordinates>-104.988809708999895,39.751900702000057</coordinates></Point>"
135;0;1;"<Point><coordinates>-104.991680455999926,39.751307990000043</coordinates></Point>"
136;0;1;"<Point><coordinates>-104.992863499999942,39.750329731000079</coordinates></Point>"
137;0;1;"<Point><coordinates>-104.993331016999946,39.750048082000035</coordinates></Point>"
138;0;1;"<Point><coordinates>-104.993383018999907,39.749632268000084</coordinates></Point>"
139;0;1;"<Point><coordinates>-104.993773348999923,39.74986087800005</coordinates></Point>"
140;0;1;"<Point><coordinates>-104.994886796999936,39.748333885000079</coordinates></Point>"
141;0;1;"<Point><coordinates>-104.994686863999902,39.748881441000037</coordinates></Point>"
142;0;1;"<Point><coordinates>-104.994099327999947,39.748822184000062</coordinates></Point>"
143;0;1;"<Point><coordinates>-104.994317761999923,39.749106785000038</coordinates></Point>"
144;0;1;"<Point><coordinates>-104.99750707499993,39.748996298000066</coordinates></Point>"
146;0;1;"<Point><coordinates>-104.993001329999913,39.751597350000054</coordinates></Point>"
147;0;1;"<Point><coordinates>-104.987413458999924,39.741815145000089</coordinates></Point>"
148;0;1;"<Point><coordinates>-104.987642108999921,39.744047625000064</coordinates></Point>"
149;0;1;"<Point><coordinates>-104.992270075999897,39.747698567000043</coordinates></Point>"
150;0;1;"<Point><coordinates>-104.9379224999999,39.659711738000055</coordinates></Point>"
151;0;1;"<Point><coordinates>-104.993051674999947,39.745688791000077</coordinates></Point>"
152;0;1;"<Point><coordinates>-104.992598528999906,39.746319492000055</coordinates></Point>"
153;0;1;"<Point><coordinates>-104.990946669999914,39.74776849400007</coordinates></Point>"
154;0;1;"<Point><coordinates>-104.99179438099992,39.745729786000084</coordinates></Point>"
155;0;1;"<Point><coordinates>-104.979041348999942,39.754259543000046</coordinates></Point>"
156;0;1;"<Point><coordinates>-104.990031997999949,39.745533053000088</coordinates></Point>"
157;0;1;"<Point><coordinates>-104.989498716999947,39.744755395000084</coordinates></Point>"
158;0;1;"<Point><coordinates>-104.994394936999925,39.74859652400005</coordinates></Point>"
159;0;1;"<Point><coordinates>-104.997153861999948,39.746490331000075</coordinates></Point>"
160;0;1;"<Point><coordinates>-104.999605578999933,39.74621711900005</coordinates></Point>"
161;0;1;"<Point><coordinates>-104.999285634999922,39.746423777000075</coordinates></Point>"
162;0;1;"<Point><coordinates>-104.99925830199993,39.746820789000083</coordinates></Point>"
163;0;1;"<Point><coordinates>-104.998298723999937,39.74740293800005</coordinates></Point>"
165;0;1;"<Point><coordinates>-104.995563478999941,39.749622724000062</coordinates></Point>"
167;0;1;"<Point><coordinates>-104.995390631999896,39.749811091000083</coordinates></Point>"
168;0;1;"<Point><coordinates>-104.994331350999914,39.750619709000034</coordinates></Point>"
170;0;1;"<Point><coordinates>-104.99149854399991,39.752744426000049</coordinates></Point>"
171;0;1;"<Point><coordinates>-104.992153992999931,39.753579331000083</coordinates></Point>"
172;0;1;"<Point><coordinates>-104.992131822999909,39.753257752000081</coordinates></Point>"
173;0;1;"<Point><coordinates>-104.99353347199991,39.752545181000073</coordinates></Point>"
174;0;1;"<Point><coordinates>-104.993930505999913,39.751847190000035</coordinates></Point>"
175;0;1;"<Point><coordinates>-104.994543793999924,39.751736360000052</coordinates></Point>"
176;0;1;"<Point><coordinates>-104.994399118999922,39.751414255000043</coordinates></Point>"
177;0;1;"<Point><coordinates>-104.991860822999911,39.753464601000076</coordinates></Point>"
178;0;1;"<Point><coordinates>-104.996195263999937,39.750344041000062</coordinates></Point>"
179;0;1;"<Point><coordinates>-104.996886371999949,39.74962838600004</coordinates></Point>"
180;0;1;"<Point><coordinates>-104.996543670999927,39.749589099000048</coordinates></Point>"
181;0;1;"<Point><coordinates>-104.995695197999908,39.744933399000047</coordinates></Point>"
182;0;1;"<Point><coordinates>-104.990982148999933,39.74625577900008</coordinates></Point>"
183;0;1;"<Point><coordinates>-104.977661481999917,39.755312433000086</coordinates></Point>"
184;0;1;"<Point><coordinates>-104.98007636199992,39.753450955000062</coordinates></Point>"
185;0;1;"<Point><coordinates>-104.989368524999918,39.74581383900005</coordinates></Point>"
186;0;1;"<Point><coordinates>-104.989325727999926,39.74496266500006</coordinates></Point>"
187;0;1;"<Point><coordinates>-104.99246783399991,39.74745357900008</coordinates></Point>"
188;0;1;"<Point><coordinates>-104.991814323999904,39.749738970000067</coordinates></Point>"
189;0;1;"<Point><coordinates>-104.993036218999919,39.750160278000067</coordinates></Point>"
190;0;1;"<Point><coordinates>-104.993501410999897,39.750200102000065</coordinates></Point>"
191;0;1;"<Point><coordinates>-104.999137437999934,39.746593344000075</coordinates></Point>"
193;0;1;"<Point><coordinates>-104.998141725999915,39.748801670000034</coordinates></Point>"
194;0;1;"<Point><coordinates>-104.998414581999896,39.748330062000036</coordinates></Point>"
195;0;1;"<Point><coordinates>-104.999819306999939,39.747163570000055</coordinates></Point>"
197;0;1;"<Point><coordinates>-105.000573330999941,39.747923205000063</coordinates></Point>"
198;0;1;"<Point><coordinates>-105.000595539999949,39.748244783000075</coordinates></Point>"
199;0;1;"<Point><coordinates>-105.00032458499993,39.748451652000085</coordinates></Point>"
200;0;1;"<Point><coordinates>-105.000496606999945,39.748376739000037</coordinates></Point>"
201;0;1;"<Point><coordinates>-104.999880120999933,39.74894144600006</coordinates></Point>"
202;0;1;"<Point><coordinates>-104.999485996999908,39.749242344000038</coordinates></Point>"
203;0;1;"<Point><coordinates>-104.999091463999946,39.749599970000077</coordinates></Point>"
204;0;1;"<Point><coordinates>-104.998918896999896,39.749750522000056</coordinates></Point>"
205;0;1;"<Point><coordinates>-104.99704795699995,39.75100956600005</coordinates></Point>"
208;0;1;"<Point><coordinates>-104.994682064999949,39.752947245000087</coordinates></Point>"
209;0;1;"<Point><coordinates>-104.993429054999922,39.75343354000006</coordinates></Point>"
210;0;1;"<Point><coordinates>-104.991447986999901,39.756337258000087</coordinates></Point>"
211;0;1;"<Point><coordinates>-104.991617980999933,39.756546011000069</coordinates></Point>"
212;0;1;"<Point><coordinates>-104.997040360999904,39.752068539000049</coordinates></Point>"
213;0;1;"<Point><coordinates>-104.997456977999946,39.752051408000057</coordinates></Point>"
214;0;1;"<Point><coordinates>-104.997801180999943,39.751882680000051</coordinates></Point>"
215;0;1;"<Point><coordinates>-104.997460229999945,39.751597563000075</coordinates></Point>"
216;0;1;"<Point><coordinates>-104.998147005999897,39.751487028000042</coordinates></Point>"
217;0;1;"<Point><coordinates>-104.998984419999942,39.750866539000071</coordinates></Point>"
218;0;1;"<Point><coordinates>-104.999775519999901,39.749867631000086</coordinates></Point>"
219;0;1;"<Point><coordinates>-104.999972852999917,39.749679362000052</coordinates></Point>"
220;0;1;"<Point><coordinates>-104.999554092999915,39.749999066000044</coordinates></Point>"
221;0;1;"<Point><coordinates>-104.999332393999907,39.750168320000057</coordinates></Point>"
222;0;1;"<Point><coordinates>-105.00026480799994,39.749964264000084</coordinates></Point>"
223;0;1;"<Point><coordinates>-105.000461601999916,39.749851635000084</coordinates></Point>"
224;0;1;"<Point><coordinates>-105.000145147999945,39.749566629000071</coordinates></Point>"
225;0;1;"<Point><coordinates>-105.000707390999935,39.749739213000055</coordinates></Point>"
226;0;1;"<Point><coordinates>-105.000958291999893,39.748908201000063</coordinates></Point>"
227;0;1;"<Point><coordinates>-105.001130584999942,39.748795466000047</coordinates></Point>"
228;0;1;"<Point><coordinates>-105.001594696999916,39.748986541000079</coordinates></Point>"
229;0;1;"<Point><coordinates>-105.000231714999927,39.747732646000088</coordinates></Point>"
231;0;1;"<Point><coordinates>-104.998185844999909,39.746059786000046</coordinates></Point>"
232;0;1;"<Point><coordinates>-104.997479638999948,39.745470537000074</coordinates></Point>"
233;0;1;"<Point><coordinates>-104.997309382999902,39.745299612000053</coordinates></Point>"
234;0;1;"<Point><coordinates>-104.997797958999911,39.745490806000078</coordinates></Point>"
235;0;1;"<Point><coordinates>-104.996408308999946,39.744558236000046</coordinates></Point>"
236;0;1;"<Point><coordinates>-104.996967787999949,39.74510904400006</coordinates></Point>"
237;0;1;"<Point><coordinates>-104.992850454999939,39.741971079000052</coordinates></Point>"
238;0;1;"<Point><coordinates>-104.992364517999931,39.74142056800008</coordinates></Point>"
239;0;1;"<Point><coordinates>-104.991411537999909,39.741094968000084</coordinates></Point>"
240;0;1;"<Point><coordinates>-104.998041029999911,39.745756596000035</coordinates></Point>"
241;0;1;"<Point><coordinates>-104.997267534999935,39.747720021000077</coordinates></Point>"
242;0;1;"<Point><coordinates>-104.994234993999896,39.750392366000085</coordinates></Point>"
243;0;1;"<Point><coordinates>-104.992378320999933,39.753050797000071</coordinates></Point>"
244;0;1;"<Point><coordinates>-104.9955558609999,39.750681697000061</coordinates></Point>"
245;0;1;"<Point><coordinates>-104.991291965999949,39.747448502000054</coordinates></Point>"
246;0;1;"<Point><coordinates>-104.99393166099992,39.741502961000037</coordinates></Point>"
247;0;1;"<Point><coordinates>-104.997449179999933,39.746302484000068</coordinates></Point>"
248;0;1;"<Point><coordinates>-105.000228884999899,39.748129762000076</coordinates></Point>"
249;0;1;"<Point><coordinates>-104.99995469299995,39.748790476000067</coordinates></Point>"
250;0;1;"<Point><coordinates>-104.997124028999906,39.750650586000063</coordinates></Point>"
251;0;1;"<Point><coordinates>-104.994164853999905,39.753323240000043</coordinates></Point>"
252;0;1;"<Point><coordinates>-104.997311746999912,39.751804947000039</coordinates></Point>"
253;0;1;"<Point><coordinates>-104.99915685499991,39.750734898000076</coordinates></Point>"
255;0;1;"<Point><coordinates>-105.000760829999933,39.74911538200007</coordinates></Point>"
256;0;1;"<Point><coordinates>-104.997722979999935,39.745698506000053</coordinates></Point>"
257;0;1;"<Point><coordinates>-104.996626602999925,39.744861744000048</coordinates></Point>"
258;0;1;"<Point><coordinates>-104.991462584999908,39.740811525000083</coordinates></Point>"
259;0;1;"<Point><coordinates>-105.002081430999908,39.749442461000058</coordinates></Point>"
260;0;1;"<Point><coordinates>-105.001810743999897,39.749611513000048</coordinates></Point>"
261;0;1;"<Point><coordinates>-105.001539786999899,39.749818384000037</coordinates></Point>"
262;0;1;"<Point><coordinates>-105.001413935999949,39.75029062200008</coordinates></Point>"
263;0;1;"<Point><coordinates>-105.000825573999919,39.750344860000041</coordinates></Point>"
264;0;1;"<Point><coordinates>-105.000603741999896,39.750533027000074</coordinates></Point>"
265;0;1;"<Point><coordinates>-105.000308144999906,39.750758702000041</coordinates></Point>"
266;0;1;"<Point><coordinates>-105.000011871999902,39.751078928000084</coordinates></Point>"
267;0;1;"<Point><coordinates>-105.000008770999898,39.751513863000071</coordinates></Point>"
268;0;1;"<Point><coordinates>-104.997303786999908,39.749497794000035</coordinates></Point>"
269;0;1;"<Point><coordinates>-105.000031556999943,39.748318032000043</coordinates></Point>"
270;0;1;"<Point><coordinates>-105.000201017999927,39.748602414000061</coordinates></Point>"
271;0;1;"<Point><coordinates>-104.999313430999905,39.749392896000074</coordinates></Point>"
272;0;1;"<Point><coordinates>-104.994509206999908,39.753135611000062</coordinates></Point>"
273;0;1;"<Point><coordinates>-104.993328324999936,39.753811322000047</coordinates></Point>"
274;0;1;"<Point><coordinates>-104.940709953999942,39.696561649000046</coordinates></Point>"
275;0;1;"<Point><coordinates>-104.980394174999901,39.700663661000078</coordinates></Point>"
276;0;1;"<Point><coordinates>-104.996340575999909,39.722652752000045</coordinates></Point>"
277;0;1;"<Point><coordinates>-104.953471945999922,39.739981106000073</coordinates></Point>"
278;0;1;"<Point><coordinates>-104.959535032999895,39.679317712000056</coordinates></Point>"
279;0;1;"<Point><coordinates>-104.959450674999914,39.70371724000006</coordinates></Point>"
280;0;1;"<Point><coordinates>-104.902590689999897,39.740281778000053</coordinates></Point>"
281;0;1;"<Point><coordinates>-105.007373790999907,39.678367897000044</coordinates></Point>"
282;0;1;"<Point><coordinates>-105.101038586999948,39.629105838000044</coordinates></Point>"
284;0;1;"<Point><coordinates>-105.015846748999934,39.762007963000087</coordinates></Point>"
285;0;1;"<Point><coordinates>-105.017708458999948,39.754798160000064</coordinates></Point>"
286;0;1;"<Point><coordinates>-105.004210927999907,39.769251883000038</coordinates></Point>"
287;0;1;"<Point><coordinates>-105.006453536999913,39.763292567000065</coordinates></Point>"
288;0;1;"<Point><coordinates>-105.043778852999935,39.731226782000078</coordinates></Point>"
289;0;1;"<Point><coordinates>-104.954957952999905,39.785091857000054</coordinates></Point>"
290;0;1;"<Point><coordinates>-104.982350159999896,39.781861578000075</coordinates></Point>"
291;0;1;"<Point><coordinates>-105.004269191999924,39.777202131000081</coordinates></Point>"
292;0;1;"<Point><coordinates>-105.025260018999916,39.769647604000056</coordinates></Point>"
293;0;1;"<Point><coordinates>-105.009764456999903,39.769700753000052</coordinates></Point>"
294;0;1;"<Point><coordinates>-105.044262702999902,39.776576298000066</coordinates></Point>"
295;0;1;"<Point><coordinates>-105.043430623999939,39.776660567000079</coordinates></Point>"
296;0;1;"<Point><coordinates>-105.051420779999944,39.780220145000044</coordinates></Point>"
297;0;1;"<Point><coordinates>-105.028339111999912,39.761377305000053</coordinates></Point>"
298;0;1;"<Point><coordinates>-105.00961099299991,39.764625515000034</coordinates></Point>"
299;0;1;"<Point><coordinates>-105.006502002999923,39.766070742000068</coordinates></Point>"
300;0;1;"<Point><coordinates>-105.000635809999949,39.767270907000068</coordinates></Point>"
301;0;1;"<Point><coordinates>-105.008042393999915,39.767360421000035</coordinates></Point>"
302;0;1;"<Point><coordinates>-105.035370678999925,39.71817668500006</coordinates></Point>"
303;0;1;"<Point><coordinates>-105.005498567999894,39.720956175000083</coordinates></Point>"
304;0;1;"<Point><coordinates>-104.980361458999937,39.709672047000083</coordinates></Point>"
305;0;1;"<Point><coordinates>-104.839436839999905,39.779863627000054</coordinates></Point>"
306;0;1;"<Point><coordinates>-104.987215220999929,39.741849073000083</coordinates></Point>"
308;0;1;"<Point><coordinates>-104.987598284999933,39.741852880000067</coordinates></Point>"
309;0;1;"<Point><coordinates>-104.988037113999894,39.741806431000043</coordinates></Point>"
311;0;1;"<Point><coordinates>-104.988698861999922,39.742687829000033</coordinates></Point>"
312;0;1;"<Point><coordinates>-104.988888249999945,39.742487156000038</coordinates></Point>"
313;0;1;"<Point><coordinates>-104.988753411999937,39.742365673000052</coordinates></Point>"
314;0;1;"<Point><coordinates>-104.989342386999908,39.743206451000049</coordinates></Point>"
315;0;1;"<Point><coordinates>-104.989498166999908,39.743319965000069</coordinates></Point>"
317;0;1;"<Point><coordinates>-104.9902566049999,39.743831020000073</coordinates></Point>"
318;0;1;"<Point><coordinates>-104.990695267999911,39.743808740000077</coordinates></Point>"
319;0;1;"<Point><coordinates>-104.990529513999945,39.743630707000079</coordinates></Point>"
320;0;1;"<Point><coordinates>-104.991087082999911,39.744487460000073</coordinates></Point>"
321;0;1;"<Point><coordinates>-104.991315424999925,39.744673822000038</coordinates></Point>"
322;0;1;"<Point><coordinates>-104.99153595699994,39.744497460000048</coordinates></Point>"
323;0;1;"<Point><coordinates>-104.992189959999905,39.745016111000041</coordinates></Point>"
324;0;1;"<Point><coordinates>-104.991969368999946,39.745200535000038</coordinates></Point>"
325;0;1;"<Point><coordinates>-104.992177009999921,39.745362627000077</coordinates></Point>"
327;0;1;"<Point><coordinates>-104.992841582999915,39.745865201000072</coordinates></Point>"
328;0;1;"<Point><coordinates>-104.993038670999908,39.746043366000038</coordinates></Point>"
329;0;1;"<Point><coordinates>-104.993238379999923,39.745858851000037</coordinates></Point>"
330;0;1;"<Point><coordinates>-104.993934461999913,39.746337375000053</coordinates></Point>"
331;0;1;"<Point><coordinates>-104.993745135999916,39.746529996000049</coordinates></Point>"
332;0;1;"<Point><coordinates>-104.998748777999936,39.732292352000059</coordinates></Point>"
333;0;1;"<Point><coordinates>-105.031885497999895,39.732724416000053</coordinates></Point>"
334;0;1;"<Point><coordinates>-105.031228153999905,39.732890692000069</coordinates></Point>"
335;0;1;"<Point><coordinates>-104.987744724999914,39.741449611000064</coordinates></Point>"
336;0;1;"<Point><coordinates>-105.004272259999937,39.740000366000061</coordinates></Point>"
337;0;1;"<Point><coordinates>-104.97314158599994,39.739852228000075</coordinates></Point>"
338;0;1;"<Point><coordinates>-104.973660014999894,39.743265565000058</coordinates></Point>"
339;0;1;"<Point><coordinates>-104.975430471999914,39.733600426000066</coordinates></Point>"
340;0;1;"<Point><coordinates>-104.999916086999917,39.725854045000062</coordinates></Point>"
341;0;1;"<Point><coordinates>-105.0010587189999,39.766864966000071</coordinates></Point>"
342;0;1;"<Point><coordinates>-105.001198313999907,39.746578532000058</coordinates></Point>"
343;0;1;"<Point><coordinates>-105.032641063999904,39.718989771000054</coordinates></Point>"
344;0;1;"<Point><coordinates>-104.983780033999949,39.736322573000052</coordinates></Point>"
345;0;1;"<Point><coordinates>-104.971148832999916,39.725537509000048</coordinates></Point>"
346;0;1;"<Point><coordinates>-104.971427934999895,39.725707156000055</coordinates></Point>"
347;0;1;"<Point><coordinates>-105.001316438999936,39.733806319000053</coordinates></Point>"
348;0;1;"<Point><coordinates>-104.997450411999921,39.751042815000062</coordinates></Point>"
349;0;1;"<Point><coordinates>-104.983781950999912,39.737042092000081</coordinates></Point>"
350;0;1;"<Point><coordinates>-104.985940238999945,39.737030450000077</coordinates></Point>"
351;0;1;"<Point><coordinates>-104.981323006999901,39.737073462000069</coordinates></Point>"
352;0;1;"<Point><coordinates>-104.998889496999936,39.73702303400006</coordinates></Point>"
353;0;1;"<Point><coordinates>-104.984631602999912,39.736666166000077</coordinates></Point>"
354;0;1;"<Point><coordinates>-104.985041062999926,39.736710143000039</coordinates></Point>"
355;0;1;"<Point><coordinates>-104.97853624399994,39.737103329000036</coordinates></Point>"
356;0;1;"<Point><coordinates>-104.933885916999941,39.738457770000082</coordinates></Point>"
357;0;1;"<Point><coordinates>-104.998212099999932,39.751513136000085</coordinates></Point>"
358;0;1;"<Point><coordinates>-105.000477285999921,39.748240413000076</coordinates></Point>"
359;0;1;"<Point><coordinates>-104.99461709499991,39.743325716000072</coordinates></Point>"
361;0;1;"<Point><coordinates>-104.993720670999949,39.742632134000075</coordinates></Point>"
362;0;1;"<Point><coordinates>-104.997211319999906,39.745325955000055</coordinates></Point>"
364;0;1;"<Point><coordinates>-104.98907704699991,39.73761227500006</coordinates></Point>"
365;0;1;"<Point><coordinates>-104.977597577999916,39.740280656000039</coordinates></Point>"
366;0;1;"<Point><coordinates>-104.969135875999939,39.74001747300008</coordinates></Point>"
367;0;1;"<Point><coordinates>-104.99647901599991,39.747242521000089</coordinates></Point>"
368;0;1;"<Point><coordinates>-104.99348438699991,39.744270561000064</coordinates></Point>"
370;0;1;"<Point><coordinates>-104.999444200999903,39.748922484000047</coordinates></Point>"
371;0;1;"<Point><coordinates>-104.987557863999939,39.688052327000037</coordinates></Point>"
372;0;1;"<Point><coordinates>-104.968049395999913,39.743243474000053</coordinates></Point>"
373;0;1;"<Point><coordinates>-104.9956782349999,39.74796776900007</coordinates></Point>"
375;0;1;"<Point><coordinates>-104.997224816999903,39.74920366300006</coordinates></Point>"
377;0;1;"<Point><coordinates>-104.999792105999916,39.752730901000064</coordinates></Point>"
378;0;1;"<Point><coordinates>-105.000910094999938,39.751763663000077</coordinates></Point>"
379;0;1;"<Point><coordinates>-104.962234271999932,39.743388571000082</coordinates></Point>"
380;0;1;"<Point><coordinates>-104.984859853999922,39.743518378000033</coordinates></Point>"
381;0;1;"<Point><coordinates>-104.984931606999908,39.743833159000076</coordinates></Point>"
382;0;1;"<Point><coordinates>-104.997838629999933,39.751407544000074</coordinates></Point>"
384;0;1;"<Point><coordinates>-104.992719301999898,39.747440471000061</coordinates></Point>"
386;0;1;"<Point><coordinates>-104.996291988999928,39.750171660000035</coordinates></Point>"
387;0;1;"<Point><coordinates>-104.998870093999926,39.752183811000066</coordinates></Point>"
388;0;1;"<Point><coordinates>-104.997305793999942,39.753406415000086</coordinates></Point>"
389;0;1;"<Point><coordinates>-104.976216730999909,39.745481379000069</coordinates></Point>"
390;0;1;"<Point><coordinates>-104.992949801999941,39.751415172000065</coordinates></Point>"
391;0;1;"<Point><coordinates>-104.992604902999915,39.753014601000075</coordinates></Point>"
392;0;1;"<Point><coordinates>-105.007589784999936,39.755165155000043</coordinates></Point>"
393;0;1;"<Point><coordinates>-104.978164315999948,39.747519771000043</coordinates></Point>"
394;0;1;"<Point><coordinates>-104.984232012999939,39.743286925000064</coordinates></Point>"
396;0;1;"<Point><coordinates>-104.984254055999941,39.735253809000085</coordinates></Point>"
397;0;1;"<Point><coordinates>-104.989122773999895,39.742936616000065</coordinates></Point>"
398;0;1;"<Point><coordinates>-104.973256875999937,39.761098415000049</coordinates></Point>"
399;0;1;"<Point><coordinates>-105.03564277299995,39.761994199000071</coordinates></Point>"
400;0;1;"<Point><coordinates>-105.008944711999902,39.756960795000055</coordinates></Point>"
401;0;1;"<Point><coordinates>-105.032418109999924,39.718455080000069</coordinates></Point>"
402;0;1;"<Point><coordinates>-104.959978096999919,39.732078570000056</coordinates></Point>"
403;0;1;"<Point><coordinates>-105.024493628999949,39.73408813900005</coordinates></Point>"
404;0;1;"<Point><coordinates>-104.996696390999944,39.750568498000064</coordinates></Point>"
405;0;1;"<Point><coordinates>-104.979911021999897,39.737051269000062</coordinates></Point>"
406;0;1;"<Point><coordinates>-104.97965910399995,39.736728649000042</coordinates></Point>"
407;0;1;"<Point><coordinates>-104.978975996999907,39.736746718000063</coordinates></Point>"
408;0;1;"<Point><coordinates>-104.994215890999897,39.743650382000055</coordinates></Point>"
409;0;1;"<Point><coordinates>-105.000674965999906,39.750729194000087</coordinates></Point>"
410;0;1;"<Point><coordinates>-104.972126792999916,39.740736911000056</coordinates></Point>"
411;0;1;"<Point><coordinates>-104.988235083999939,39.742789820000041</coordinates></Point>"
412;0;1;"<Point><coordinates>-104.991555597999934,39.744490899000084</coordinates></Point>"
417;0;1;"<Point><coordinates>-104.991994003999935,39.740204607000067</coordinates></Point>"
418;0;1;"<Point><coordinates>-104.979623172999936,39.725599247000048</coordinates></Point>"
419;0;1;"<Point><coordinates>-104.983474236999939,39.725501866000059</coordinates></Point>"
420;0;1;"<Point><coordinates>-104.973921671999904,39.725602479000088</coordinates></Point>"
421;0;1;"<Point><coordinates>-104.940661761999934,39.727307281000037</coordinates></Point>"
422;0;1;"<Point><coordinates>-105.032603568999946,39.725421427000072</coordinates></Point>"
423;0;1;"<Point><coordinates>-104.97841861899991,39.74320412600008</coordinates></Point>"
425;0;1;"<Point><coordinates>-104.983534808999934,39.727331769000045</coordinates></Point>"
426;0;1;"<Point><coordinates>-104.98238690799991,39.727355312000043</coordinates></Point>"
427;0;1;"<Point><coordinates>-105.040581466999924,39.72831165000008</coordinates></Point>"
428;0;1;"<Point><coordinates>-104.987409405999927,39.729092585000046</coordinates></Point>"
430;0;1;"<Point><coordinates>-104.976045717999909,39.733673791000058</coordinates></Point>"
431;0;1;"<Point><coordinates>-104.997657377999928,39.745689206000065</coordinates></Point>"
432;0;1;"<Point><coordinates>-104.998691279999946,39.730570598000043</coordinates></Point>"
433;0;1;"<Point><coordinates>-104.984770259999948,39.730510460000062</coordinates></Point>"
434;0;1;"<Point><coordinates>-104.987461047999943,39.747360512000057</coordinates></Point>"
435;0;1;"<Point><coordinates>-105.001697256999933,39.740017394000063</coordinates></Point>"
436;0;1;"<Point><coordinates>-104.989890198999944,39.750942567000038</coordinates></Point>"
437;0;1;"<Point><coordinates>-104.956717458999947,39.749070713000037</coordinates></Point>"
438;0;1;"<Point><coordinates>-104.951987499999916,39.746128282000086</coordinates></Point>"
439;0;1;"<Point><coordinates>-104.954669935999902,39.74782003100006</coordinates></Point>"
440;0;1;"<Point><coordinates>-104.949929624999925,39.717800608000061</coordinates></Point>"
441;0;1;"<Point><coordinates>-104.959237935999909,39.718226897000079</coordinates></Point>"
442;0;1;"<Point><coordinates>-104.953542056999936,39.719467850000058</coordinates></Point>"
443;0;1;"<Point><coordinates>-104.951087479999899,39.721018411000045</coordinates></Point>"
444;0;1;"<Point><coordinates>-104.935173673999941,39.72094308000004</coordinates></Point>"
445;0;1;"<Point><coordinates>-104.946016278999934,39.710768010000038</coordinates></Point>"
446;0;1;"<Point><coordinates>-104.899115569999935,39.744015593000086</coordinates></Point>"
447;0;1;"<Point><coordinates>-104.908615040999905,39.640284171000076</coordinates></Point>"
448;0;1;"<Point><coordinates>-104.9049908369999,39.64058588100005</coordinates></Point>"
449;0;1;"<Point><coordinates>-104.913509943999941,39.692269147000047</coordinates></Point>"
450;0;1;"<Point><coordinates>-104.913301297999908,39.717227982000054</coordinates></Point>"
451;0;1;"<Point><coordinates>-104.955569201999936,39.730111014000045</coordinates></Point>"
452;0;1;"<Point><coordinates>-104.968319186999906,39.729289337000068</coordinates></Point>"
453;0;1;"<Point><coordinates>-104.927100155999938,39.720935954000083</coordinates></Point>"
454;0;1;"<Point><coordinates>-104.980372655999929,39.689583633000041</coordinates></Point>"
455;0;1;"<Point><coordinates>-104.949784561999934,39.714684317000035</coordinates></Point>"
456;0;1;"<Point><coordinates>-104.983573816999922,39.740037065000081</coordinates></Point>"
457;0;1;"<Point><coordinates>-104.982699411999931,39.711073720000059</coordinates></Point>"
458;0;1;"<Point><coordinates>-104.966897015999905,39.725562964000062</coordinates></Point>"
459;0;1;"<Point><coordinates>-104.987670286999901,39.718295380000086</coordinates></Point>"
460;0;1;"<Point><coordinates>-104.959886267999934,39.721131052000089</coordinates></Point>"
461;0;1;"<Point><coordinates>-104.959940834999941,39.720771308000053</coordinates></Point>"
462;0;1;"<Point><coordinates>-104.9406981059999,39.756520709000085</coordinates></Point>"
463;0;1;"<Point><coordinates>-104.964637733999893,39.743312364000076</coordinates></Point>"
464;0;1;"<Point><coordinates>-104.973116218999905,39.711351179000076</coordinates></Point>"
465;0;1;"<Point><coordinates>-104.959070384999904,39.679155575000038</coordinates></Point>"
466;0;1;"<Point><coordinates>-104.980431668999927,39.681611915000076</coordinates></Point>"
467;0;1;"<Point><coordinates>-104.987475982999911,39.681082835000041</coordinates></Point>"
468;0;1;"<Point><coordinates>-104.987640623999937,39.679803554000046</coordinates></Point>"
469;0;1;"<Point><coordinates>-104.98744728999992,39.677922713000044</coordinates></Point>"
470;0;1;"<Point><coordinates>-104.987564248999945,39.676083223000035</coordinates></Point>"
471;0;1;"<Point><coordinates>-104.959460534999948,39.702437295000038</coordinates></Point>"
472;0;1;"<Point><coordinates>-104.981017995999935,39.700334419000058</coordinates></Point>"
473;0;1;"<Point><coordinates>-104.987536534999947,39.708242927000072</coordinates></Point>"
474;0;1;"<Point><coordinates>-104.940829197999903,39.707590151000034</coordinates></Point>"
475;0;1;"<Point><coordinates>-104.927460865999933,39.740205416000038</coordinates></Point>"
476;0;1;"<Point><coordinates>-104.979238081999938,39.744805847000066</coordinates></Point>"
477;0;1;"<Point><coordinates>-105.00576628999994,39.678761150000071</coordinates></Point>"
478;0;1;"<Point><coordinates>-105.005769387999919,39.678321164000067</coordinates></Point>"
479;0;1;"<Point><coordinates>-105.006646564999926,39.678724847000069</coordinates></Point>"
480;0;1;"<Point><coordinates>-104.999894312999913,39.689176284000041</coordinates></Point>"
481;0;1;"<Point><coordinates>-105.03317328299994,39.698673032000045</coordinates></Point>"
482;0;1;"<Point><coordinates>-105.034529885999916,39.697118425000042</coordinates></Point>"
483;0;1;"<Point><coordinates>-105.025023992999934,39.678640529000063</coordinates></Point>"
484;0;1;"<Point><coordinates>-105.02270332899991,39.669733999000073</coordinates></Point>"
485;0;1;"<Point><coordinates>-104.987702690999924,39.710523242000079</coordinates></Point>"
486;0;1;"<Point><coordinates>-104.951646712999946,39.740094942000042</coordinates></Point>"
487;0;1;"<Point><coordinates>-104.950936560999935,39.740120478000051</coordinates></Point>"
488;0;1;"<Point><coordinates>-104.982524507999926,39.743321416000072</coordinates></Point>"
489;0;1;"<Point><coordinates>-105.040463379999949,39.74038876700007</coordinates></Point>"
490;0;1;"<Point><coordinates>-105.011825802999908,39.763215074000072</coordinates></Point>"
491;0;1;"<Point><coordinates>-105.018144015999894,39.762042363000035</coordinates></Point>"
492;0;1;"<Point><coordinates>-105.034549854999909,39.762083405000055</coordinates></Point>"
493;0;1;"<Point><coordinates>-104.998466859999894,39.725709675000076</coordinates></Point>"
494;0;1;"<Point><coordinates>-104.99860329899991,39.727339776000065</coordinates></Point>"
495;0;1;"<Point><coordinates>-105.053354565999939,39.728332246000036</coordinates></Point>"
496;0;1;"<Point><coordinates>-104.974070342999937,39.730463117000056</coordinates></Point>"
497;0;1;"<Point><coordinates>-104.994059094999898,39.728941198000086</coordinates></Point>"
498;0;1;"<Point><coordinates>-104.944274274999941,39.746730971000034</coordinates></Point>"
499;0;1;"<Point><coordinates>-104.949790180999912,39.720982880000065</coordinates></Point>"
500;0;1;"<Point><coordinates>-104.999738070999911,39.751682910000056</coordinates></Point>"
501;0;1;"<Point><coordinates>-104.998777212999926,39.752435254000034</coordinates></Point>"
502;0;1;"<Point><coordinates>-104.998287909999931,39.752338615000042</coordinates></Point>"
503;0;1;"<Point><coordinates>-104.998235393999948,39.752830072000052</coordinates></Point>"
504;0;1;"<Point><coordinates>-104.996851636999907,39.754469404000076</coordinates></Point>"
505;0;1;"<Point><coordinates>-104.998447769999927,39.753965625000035</coordinates></Point>"
506;0;1;"<Point><coordinates>-104.998152016999938,39.75421020400006</coordinates></Point>"
507;0;1;"<Point><coordinates>-104.997561044999941,39.754623720000041</coordinates></Point>"
508;0;1;"<Point><coordinates>-104.998155264999923,39.753756359000079</coordinates></Point>"
509;0;1;"<Point><coordinates>-104.998622647999923,39.75349360000007</coordinates></Point>"
1;0;1;"<Point><coordinates>-104.960235535999914,39.740161836000084</coordinates></Point>"
2;0;1;"<Point><coordinates>-104.959306633999915,39.739911730000074</coordinates></Point>"
3;0;1;"<Point><coordinates>-104.951588630999936,39.740159677000065</coordinates></Point>"
4;0;1;"<Point><coordinates>-104.950168682999902,39.740058496000074</coordinates></Point>"
5;0;1;"<Point><coordinates>-104.949775581999916,39.740207946000055</coordinates></Point>"
6;0;1;"<Point><coordinates>-104.950632450999933,39.740268683000068</coordinates></Point>"
7;0;1;"<Point><coordinates>-104.999491193999916,39.75194661200004</coordinates></Point>"
8;0;1;"<Point><coordinates>-104.997142649999944,39.754886685000088</coordinates></Point>"
9;0;1;"<Point><coordinates>-104.998967935999929,39.753173587000049</coordinates></Point>"
10;0;1;"<Point><coordinates>-104.994724385999916,39.753874056000086</coordinates></Point>"
11;0;1;"<Point><coordinates>-104.99548468799992,39.753763853000066</coordinates></Point>"
12;0;1;"<Point><coordinates>-104.996248925999907,39.753105249000043</coordinates></Point>"
13;0;1;"<Point><coordinates>-104.996182628999918,39.752102692000051</coordinates></Point>"
14;0;1;"<Point><coordinates>-104.990944610999918,39.748052147000067</coordinates></Point>"
15;0;1;"<Point><coordinates>-104.990664150999919,39.749563800000089</coordinates></Point>"
17;0;1;"<Point><coordinates>-105.000048234999895,39.749414930000057</coordinates></Point>"
18;0;1;"<Point><coordinates>-104.997930181999948,39.747552653000071</coordinates></Point>"
533;0;1;"<Point><coordinates>-104.994769187999907,39.751056539000047</coordinates></Point>"
534;0;1;"<Point><coordinates>-104.99355505099993,39.749557365000044</coordinates></Point>"
535;0;1;"<Point><coordinates>-104.99291837699991,39.749516802000073</coordinates></Point>"
536;0;1;"<Point><coordinates>-104.990994978999936,39.747863256000073</coordinates></Point>"
537;0;1;"<Point><coordinates>-104.990262668999947,39.747500781000042</coordinates></Point>"
538;0;1;"<Point><coordinates>-104.987948131999929,39.745750935000046</coordinates></Point>"
539;0;1;"<Point><coordinates>-104.98800684999992,39.747774651000043</coordinates></Point>"
540;0;1;"<Point><coordinates>-104.993321315999935,39.751390709000077</coordinates></Point>"
541;0;1;"<Point><coordinates>-104.995024780999927,39.752986538000073</coordinates></Point>"
542;0;1;"<Point><coordinates>-104.9954401789999,39.753139606000047</coordinates></Point>"
543;0;1;"<Point><coordinates>-104.996389265999937,39.754032478000056</coordinates></Point>"
544;0;1;"<Point><coordinates>-105.009309560999895,39.756299614000056</coordinates></Point>"
546;0;1;"<Point><coordinates>-105.001048345999948,39.750024321000069</coordinates></Point>"
547;0;1;"<Point><coordinates>-104.998198433999903,39.747723994000069</coordinates></Point>"
549;0;1;"<Point><coordinates>-104.998121828999899,39.748158617000058</coordinates></Point>"
550;0;1;"<Point><coordinates>-105.000729734999936,39.750041881000072</coordinates></Point>"
551;0;1;"<Point><coordinates>-104.995760800999903,39.746030510000082</coordinates></Point>"
552;0;1;"<Point><coordinates>-104.995566458999917,39.745802747000084</coordinates></Point>"
553;0;1;"<Point><coordinates>-104.995563601999947,39.746199863000072</coordinates></Point>"
554;0;1;"<Point><coordinates>-104.994541005999906,39.745325576000084</coordinates></Point>"
555;0;1;"<Point><coordinates>-104.993737397999894,39.744660242000066</coordinates></Point>"
556;0;1;"<Point><coordinates>-104.992106007999894,39.743291630000044</coordinates></Point>"
557;0;1;"<Point><coordinates>-104.99024266899994,39.726660863000063</coordinates></Point>"
558;0;1;"<Point><coordinates>-104.990427324999928,39.728212364000058</coordinates></Point>"
559;0;1;"<Point><coordinates>-104.990474107999944,39.728515142000049</coordinates></Point>"
560;0;1;"<Point><coordinates>-104.98441330299994,39.736733915000059</coordinates></Point>"
561;0;1;"<Point><coordinates>-104.984143873999926,39.736732734000043</coordinates></Point>"
562;0;1;"<Point><coordinates>-104.986642072999928,39.736762570000053</coordinates></Point>"
563;0;1;"<Point><coordinates>-104.991382570999917,39.738333852000039</coordinates></Point>"
564;0;1;"<Point><coordinates>-104.988725305999935,39.733235296000089</coordinates></Point>"
565;0;1;"<Point><coordinates>-104.983483925999906,39.739869051000085</coordinates></Point>"
566;0;1;"<Point><coordinates>-104.982185711999932,39.73986334500006</coordinates></Point>"
567;0;1;"<Point><coordinates>-104.980887358999894,39.739876536000054</coordinates></Point>"
568;0;1;"<Point><coordinates>-104.981328541999915,39.739840659000038</coordinates></Point>"
569;0;1;"<Point><coordinates>-104.975006394999923,39.740153019000047</coordinates></Point>"
570;0;1;"<Point><coordinates>-104.973759152999946,39.739882695000063</coordinates></Point>"
571;0;1;"<Point><coordinates>-104.97311987899991,39.74020132000004</coordinates></Point>"
572;0;1;"<Point><coordinates>-104.972727963999944,39.740199565000069</coordinates></Point>"
574;0;1;"<Point><coordinates>-104.960578315999896,39.740182319000041</coordinates></Point>"
23;0;1;"<Point><coordinates>-105.04326470299992,39.776765823000062</coordinates></Point>"
24;0;1;"<Point><coordinates>-105.043179968999937,39.776532555000074</coordinates></Point>"
25;0;1;"<Point><coordinates>-105.035080043999926,39.762324751000051</coordinates></Point>"
26;0;1;"<Point><coordinates>-105.034910002999936,39.761958029000084</coordinates></Point>"
27;0;1;"<Point><coordinates>-105.035255380999899,39.761892838000051</coordinates></Point>"
28;0;1;"<Point><coordinates>-105.033185541999899,39.761917925000034</coordinates></Point>"
29;0;1;"<Point><coordinates>-105.032667915999923,39.761949149000088</coordinates></Point>"
30;0;1;"<Point><coordinates>-105.033616711999912,39.761919634000037</coordinates></Point>"
31;0;1;"<Point><coordinates>-105.03443748299992,39.761689942000089</coordinates></Point>"
32;0;1;"<Point><coordinates>-105.009377015999917,39.756796211000051</coordinates></Point>"
33;0;1;"<Point><coordinates>-105.035291356999949,39.695149032000074</coordinates></Point>"
34;0;1;"<Point><coordinates>-104.974867908999897,39.731966131000036</coordinates></Point>"
35;0;1;"<Point><coordinates>-104.975003006999941,39.733555675000048</coordinates></Point>"
36;0;1;"<Point><coordinates>-105.002019039999936,39.73382627400008</coordinates></Point>"
37;0;1;"<Point><coordinates>-104.993879757999935,39.74668371100006</coordinates></Point>"
39;0;1;"<Point><coordinates>-104.994806940999922,39.746969788000058</coordinates></Point>"
40;0;1;"<Point><coordinates>-104.994575561999909,39.747202529000049</coordinates></Point>"
41;0;1;"<Point><coordinates>-104.994814129999895,39.747421168000074</coordinates></Point>"
42;0;1;"<Point><coordinates>-104.995149857999934,39.747196934000044</coordinates></Point>"
43;0;1;"<Point><coordinates>-104.995751940999924,39.747683103000043</coordinates></Point>"
44;0;1;"<Point><coordinates>-104.995374217999938,39.747939398000085</coordinates></Point>"
385;1;1;"<Point><coordinates>-104.987490087999902,39.74338692300006</coordinates></Point>"
164;3;1;"<Point><coordinates>-104.997045023999931,39.748002733000078</coordinates></Point>"
326;1;1;"<Point><coordinates>-104.992418539999903,39.745170234000057</coordinates></Point>"
283;1;1;"<Point><coordinates>-104.941296271999931,39.740103948000069</coordinates></Point>"
207;2;1;"<Point><coordinates>-104.994142946999943,39.752963840000064</coordinates></Point>"
19;0;1;"<Point><coordinates>-104.994882593999932,39.745516151000061</coordinates></Point>"
20;0;1;"<Point><coordinates>-104.990220790999899,39.726301460000059</coordinates></Point>"
21;0;1;"<Point><coordinates>-104.948622994999937,39.740372750000063</coordinates></Point>"
22;0;1;"<Point><coordinates>-104.973137633999897,39.760662934000038</coordinates></Point>"
510;0;1;"<Point><coordinates>-104.999435176999896,39.752929735000066</coordinates></Point>"
511;0;1;"<Point><coordinates>-105.000051430999918,39.752402852000046</coordinates></Point>"
512;0;1;"<Point><coordinates>-105.000420936999944,39.752120759000036</coordinates></Point>"
514;0;1;"<Point><coordinates>-104.994770932999927,39.754214650000051</coordinates></Point>"
515;0;1;"<Point><coordinates>-104.994970742999897,39.753686006000066</coordinates></Point>"
516;0;1;"<Point><coordinates>-104.995143328999916,39.75353546000008</coordinates></Point>"
517;0;1;"<Point><coordinates>-104.994527163999919,39.754043406000051</coordinates></Point>"
519;0;1;"<Point><coordinates>-104.995705998999938,39.753651336000075</coordinates></Point>"
520;0;1;"<Point><coordinates>-104.995291141999928,39.753422629000056</coordinates></Point>"
521;0;1;"<Point><coordinates>-104.995709398999907,39.753178581000043</coordinates></Point>"
522;0;1;"<Point><coordinates>-104.995930979999912,39.753028244000063</coordinates></Point>"
523;0;1;"<Point><coordinates>-104.996470776999899,39.752917090000039</coordinates></Point>"
524;0;1;"<Point><coordinates>-104.996276141999942,39.752727149000066</coordinates></Point>"
525;0;1;"<Point><coordinates>-104.996716853999942,39.752766856000051</coordinates></Point>"
526;0;1;"<Point><coordinates>-104.996546853999916,39.752558110000052</coordinates></Point>"
527;0;1;"<Point><coordinates>-104.975311560999899,39.761588242000073</coordinates></Point>"
528;0;1;"<Point><coordinates>-104.95299127699991,39.750824005000084</coordinates></Point>"
529;0;1;"<Point><coordinates>-104.94612795799992,39.711122195000087</coordinates></Point>"
530;0;1;"<Point><coordinates>-104.908425454999929,39.687363674000039</coordinates></Point>"
531;0;1;"<Point><coordinates>-104.980399209999916,39.699983689000078</coordinates></Point>"
532;0;1;"<Point><coordinates>-104.997157024999922,39.75288220200008</coordinates></Point>"
374;15;2;"<Point><coordinates>-104.990411987999948,39.743885607000038</coordinates></Point>"
166;10;2;"<Point><coordinates>-104.995982934999915,39.749208482000085</coordinates></Point>"
376;7;2;"<Point><coordinates>-104.993138027999919,39.745869943000059</coordinates></Point>"
91;38;3;"<Point><coordinates>-104.991317645999914,39.744367559000068</coordinates></Point>"
